"Predictor","Medan","Lower95","Upper95"
"Intercept",-0.7031165,-2.321718,0.914888049999996
"fm1000",-0.0210647,-1.35427575,1.254077
"ads_mort",0.0468548,-0.020043735,0.106082575
"tslf",0.17823,-0.2106198,0.502978575
"windspd",0.2930265,-0.175118675,0.697581549999999
"vpd",0.62183,0.105429735,1.100542
