"Predictor","Medan","Lower95","Upper95"
"fm1000",-0.532029,-4.53092625,3.7129405
"ads_mort",0.02110685,-0.147785075,0.202345775
"Intercept",0.028498,-0.078907935,0.14102345
"windspd",0.1829055,-0.123317675,0.477382
"tslf",0.429669,-0.0565682925,1.02551375
"vpd",0.9090385,0.25280515,1.51905075
