"Predictor","Medan","Lower95","Upper95"
"ads_mort",-0.02814945,-0.165939225,0.1081116
"Intercept",0.08821635,0.00301711500000001,0.178603725
"windspd",0.1518345,-0.393658375,0.724819699999999
"tslf",0.3576605,-0.00733737324999989,0.79607115
"vpd",0.930068,0.1223393,1.847413
